SurveyPurpose,Protocol,Gear,TotalEffort,EffortMetric,WaterID,WaterName,SampleDate,Location,Elevation,UTMZone,UTMX,UTMY,Basin,StationLength,AvgWidth,StationCode,SiteType,SurveyID,SpeciesCode,Status,NewStatus,sameStatus,Catch,Source
NA,NA,NA,NA,NA,NA,Greenhorn Creek,20-Aug-2015,AR 2894- Blw I25,NA,13S,517617,4200230,Arkansas,NA,NA,NA,NA,999001,FMW,E1,NA,E1,26,non-USGS
NA,NA,NA,NA,NA,NA,Greenhorn Creek,20-Aug-2015,AR 2894- Blw I25,NA,13S,517617,4200230,Arkansas,NA,NA,NA,NA,999001,STR,E1,NA,E1,18,non-USGS
NA,NA,NA,NA,NA,NA,Greenhorn Creek,20-Aug-2015,AR 2894- Blw I25,NA,13S,517617,4200230,Arkansas,NA,NA,NA,NA,999001,WHS,E1,NA,E1,25,non-USGS
NA,NA,NA,NA,NA,NA,Greenhorn Creek,20-Aug-2015,AR 2894- Blw I25,NA,13S,517617,4200230,Arkansas,NA,NA,NA,NA,999001,FMW,S2,NA,S1,3,non-USGS
NA,NA,NA,NA,NA,NA,Greenhorn Creek,20-Aug-2015,AR 2894- Blw I25,NA,13S,517617,4200230,Arkansas,NA,NA,NA,NA,999001,LND,S2,NA,S1,6,non-USGS
NA,NA,NA,NA,NA,NA,Greenhorn Creek,20-Aug-2015,AR 2894- Blw I25,NA,13S,517617,4200230,Arkansas,NA,NA,NA,NA,999001,STR,S2,NA,S1,2,non-USGS
NA,NA,NA,NA,NA,NA,Greenhorn Creek,20-Aug-2015,AR 2894- Blw I25,NA,13S,517617,4200230,Arkansas,NA,NA,NA,NA,999001,WHS,S2,NA,S1,67,non-USGS
NA,NA,NA,NA,NA,NA,Greenhorn Creek,20-Aug-2015,AR 2894- Blw I25,NA,13S,517617,4200230,Arkansas,NA,NA,NA,NA,999001,FMW,S3,NA,S2,3,non-USGS
NA,NA,NA,NA,NA,NA,Greenhorn Creek,20-Aug-2015,AR 2894- Blw I25,NA,13S,517617,4200230,Arkansas,NA,NA,NA,NA,999001,LND,S3,NA,S2,5,non-USGS
NA,NA,NA,NA,NA,NA,Greenhorn Creek,20-Aug-2015,AR 2894- Blw I25,NA,13S,517617,4200230,Arkansas,NA,NA,NA,NA,999001,STR,S3,NA,S2,5,non-USGS
NA,NA,NA,NA,NA,NA,Greenhorn Creek,20-Aug-2015,AR 2894- Blw I25,NA,13S,517617,4200230,Arkansas,NA,NA,NA,NA,999001,WHS,S3,NA,S2,30,non-USGS
NA,NA,NA,NA,NA,NA,Greenhorn Creek,20-Aug-2015,Pool 1.4 km Blw I25,NA,13S,518385,4200349,Arkansas,NA,NA,NA,NA,999001,FMW,E1,NA,E1,1,non-USGS
NA,NA,NA,NA,NA,NA,Greenhorn Creek,20-Aug-2015,Pool 1.4 km Blw I25,NA,13S,518385,4200349,Arkansas,NA,NA,NA,NA,999001,LND,E1,NA,E1,3,non-USGS
NA,NA,NA,NA,NA,NA,Greenhorn Creek,20-Aug-2015,Pool 1.4 km Blw I25,NA,13S,518385,4200349,Arkansas,NA,NA,NA,NA,999001,STR,E1,NA,E1,3,non-USGS
NA,NA,NA,NA,NA,NA,Greenhorn Creek,20-Aug-2015,Pool 1.4 km Blw I25,NA,13S,518385,4200349,Arkansas,NA,NA,NA,NA,999001,WHS,E1,NA,E1,4,non-USGS
NA,NA,NA,NA,NA,NA,Greenhorn Creek,20-Aug-2015,Pool 1.4 km Blw I25,NA,13S,518385,4200349,Arkansas,NA,NA,NA,NA,999001,FMW,S2,NA,S1,23,non-USGS
NA,NA,NA,NA,NA,NA,Greenhorn Creek,20-Aug-2015,Pool 1.4 km Blw I25,NA,13S,518385,4200349,Arkansas,NA,NA,NA,NA,999001,STR,S2,NA,S1,3,non-USGS
NA,NA,NA,NA,NA,NA,Greenhorn Creek,20-Aug-2015,Pool 1.4 km Blw I25,NA,13S,518385,4200349,Arkansas,NA,NA,NA,NA,999001,WHS,S2,NA,S1,4,non-USGS
NA,NA,NA,NA,NA,NA,Arkansas River,24-Sep-2015,Rocky Ford SWA,NA,13S,618436,4211558,Arkansas,NA,NA,NA,NA,999002,BCR,E1,NA,E1,1,non-USGS
NA,NA,NA,NA,NA,NA,Arkansas River,24-Sep-2015,Rocky Ford SWA,NA,13S,618436,4211558,Arkansas,NA,NA,NA,NA,999002,CCF,E1,NA,E1,57,non-USGS
NA,NA,NA,NA,NA,NA,Arkansas River,24-Sep-2015,Rocky Ford SWA,NA,13S,618436,4211558,Arkansas,NA,NA,NA,NA,999002,CPP,E1,NA,E1,58,non-USGS
NA,NA,NA,NA,NA,NA,Arkansas River,24-Sep-2015,Rocky Ford SWA,NA,13S,618436,4211558,Arkansas,NA,NA,NA,NA,999002,FHC,E1,NA,E1,10,non-USGS
NA,NA,NA,NA,NA,NA,Arkansas River,24-Sep-2015,Rocky Ford SWA,NA,13S,618436,4211558,Arkansas,NA,NA,NA,NA,999002,FMW,E1,NA,E1,13,non-USGS
NA,NA,NA,NA,NA,NA,Arkansas River,24-Sep-2015,Rocky Ford SWA,NA,13S,618436,4211558,Arkansas,NA,NA,NA,NA,999002,GSD,E1,NA,E1,2,non-USGS
NA,NA,NA,NA,NA,NA,Arkansas River,24-Sep-2015,Rocky Ford SWA,NA,13S,618436,4211558,Arkansas,NA,NA,NA,NA,999002,LMB,E1,NA,E1,2,non-USGS
NA,NA,NA,NA,NA,NA,Arkansas River,24-Sep-2015,Rocky Ford SWA,NA,13S,618436,4211558,Arkansas,NA,NA,NA,NA,999002,LND,E1,NA,E1,1,non-USGS
NA,NA,NA,NA,NA,NA,Arkansas River,24-Sep-2015,Rocky Ford SWA,NA,13S,618436,4211558,Arkansas,NA,NA,NA,NA,999002,PMW,E1,NA,E1,5,non-USGS
NA,NA,NA,NA,NA,NA,Arkansas River,24-Sep-2015,Rocky Ford SWA,NA,13S,618436,4211558,Arkansas,NA,NA,NA,NA,999002,RDS,E1,NA,E1,52,non-USGS
NA,NA,NA,NA,NA,NA,Arkansas River,24-Sep-2015,Rocky Ford SWA,NA,13S,618436,4211558,Arkansas,NA,NA,NA,NA,999002,SAH,E1,NA,E1,23,non-USGS
NA,NA,NA,NA,NA,NA,Arkansas River,24-Sep-2015,Rocky Ford SWA,NA,13S,618436,4211558,Arkansas,NA,NA,NA,NA,999002,SMM,E1,NA,E1,7,non-USGS
NA,NA,NA,NA,NA,NA,Arkansas River,24-Sep-2015,Rocky Ford SWA,NA,13S,618436,4211558,Arkansas,NA,NA,NA,NA,999002,SNF,E1,NA,E1,116,non-USGS
NA,NA,NA,NA,NA,NA,Arkansas River,24-Sep-2015,Rocky Ford SWA,NA,13S,618436,4211558,Arkansas,NA,NA,NA,NA,999002,STR,E1,NA,E1,1,non-USGS
NA,NA,NA,NA,NA,NA,Arkansas River,24-Sep-2015,Rocky Ford SWA,NA,13S,618436,4211558,Arkansas,NA,NA,NA,NA,999002,WHS,E1,NA,E1,1,non-USGS
NA,NA,NA,NA,NA,NA,Arkansas River,24-Sep-2015,Rocky Ford SWA,NA,13S,618436,4211558,Arkansas,NA,NA,NA,NA,999002,BCR,E3,NA,E2,1,non-USGS
NA,NA,NA,NA,NA,NA,Arkansas River,24-Sep-2015,Rocky Ford SWA,NA,13S,618436,4211558,Arkansas,NA,NA,NA,NA,999002,CCF,E3,NA,E2,6,non-USGS
NA,NA,NA,NA,NA,NA,Arkansas River,24-Sep-2015,Rocky Ford SWA,NA,13S,618436,4211558,Arkansas,NA,NA,NA,NA,999002,CPP,E3,NA,E2,3,non-USGS
NA,NA,NA,NA,NA,NA,Arkansas River,24-Sep-2015,Rocky Ford SWA,NA,13S,618436,4211558,Arkansas,NA,NA,NA,NA,999002,FMW,E3,NA,E2,3,non-USGS
NA,NA,NA,NA,NA,NA,Arkansas River,24-Sep-2015,Rocky Ford SWA,NA,13S,618436,4211558,Arkansas,NA,NA,NA,NA,999002,PMW,E3,NA,E2,3,non-USGS
NA,NA,NA,NA,NA,NA,Arkansas River,24-Sep-2015,Rocky Ford SWA,NA,13S,618436,4211558,Arkansas,NA,NA,NA,NA,999002,RDS,E3,NA,E2,7,non-USGS
NA,NA,NA,NA,NA,NA,Arkansas River,24-Sep-2015,Rocky Ford SWA,NA,13S,618436,4211558,Arkansas,NA,NA,NA,NA,999002,SMM,E3,NA,E2,2,non-USGS
NA,NA,NA,NA,NA,NA,Arkansas River,24-Sep-2015,Rocky Ford SWA,NA,13S,618436,4211558,Arkansas,NA,NA,NA,NA,999002,SNF,E3,NA,E2,22,non-USGS
NA,NA,NA,NA,NA,NA,Arkansas River,24-Sep-2015,Rocky Ford SWA,NA,13S,618436,4211558,Arkansas,NA,NA,NA,NA,999002,STR,E3,NA,E2,1,non-USGS
NA,NA,NA,NA,NA,NA,Arkansas River,24-Sep-2015,Rocky Ford SWA,NA,13S,618436,4211558,Arkansas,NA,NA,NA,NA,999002,CCF,S2,NA,S1,17,non-USGS
NA,NA,NA,NA,NA,NA,Arkansas River,24-Sep-2015,Rocky Ford SWA,NA,13S,618436,4211558,Arkansas,NA,NA,NA,NA,999002,CPP,S2,NA,S1,6,non-USGS
NA,NA,NA,NA,NA,NA,Arkansas River,24-Sep-2015,Rocky Ford SWA,NA,13S,618436,4211558,Arkansas,NA,NA,NA,NA,999002,FHC,S2,NA,S1,8,non-USGS
NA,NA,NA,NA,NA,NA,Arkansas River,24-Sep-2015,Rocky Ford SWA,NA,13S,618436,4211558,Arkansas,NA,NA,NA,NA,999002,FMW,S2,NA,S1,1,non-USGS
NA,NA,NA,NA,NA,NA,Arkansas River,24-Sep-2015,Rocky Ford SWA,NA,13S,618436,4211558,Arkansas,NA,NA,NA,NA,999002,GSD,S2,NA,S1,7,non-USGS
NA,NA,NA,NA,NA,NA,Arkansas River,24-Sep-2015,Rocky Ford SWA,NA,13S,618436,4211558,Arkansas,NA,NA,NA,NA,999002,LND,S2,NA,S1,1,non-USGS
NA,NA,NA,NA,NA,NA,Arkansas River,24-Sep-2015,Rocky Ford SWA,NA,13S,618436,4211558,Arkansas,NA,NA,NA,NA,999002,RSD,S2,NA,S1,225,non-USGS
NA,NA,NA,NA,NA,NA,Arkansas River,1-Oct-2015,Melon Valley SWA,NA,13S,611129,4217846,Arkansas,NA,NA,NA,NA,999002,CCF,E1,NA,E1,79,non-USGS
NA,NA,NA,NA,NA,NA,Arkansas River,1-Oct-2015,Melon Valley SWA,NA,13S,611129,4217846,Arkansas,NA,NA,NA,NA,999002,CPP,E1,NA,E1,63,non-USGS
NA,NA,NA,NA,NA,NA,Arkansas River,1-Oct-2015,Melon Valley SWA,NA,13S,611129,4217846,Arkansas,NA,NA,NA,NA,999002,FHC,E1,NA,E1,1,non-USGS
NA,NA,NA,NA,NA,NA,Arkansas River,1-Oct-2015,Melon Valley SWA,NA,13S,611129,4217846,Arkansas,NA,NA,NA,NA,999002,FMW,E1,NA,E1,22,non-USGS
NA,NA,NA,NA,NA,NA,Arkansas River,1-Oct-2015,Melon Valley SWA,NA,13S,611129,4217846,Arkansas,NA,NA,NA,NA,999002,GSD,E1,NA,E1,13,non-USGS
NA,NA,NA,NA,NA,NA,Arkansas River,1-Oct-2015,Melon Valley SWA,NA,13S,611129,4217846,Arkansas,NA,NA,NA,NA,999002,LMB,E1,NA,E1,3,non-USGS
NA,NA,NA,NA,NA,NA,Arkansas River,1-Oct-2015,Melon Valley SWA,NA,13S,611129,4217846,Arkansas,NA,NA,NA,NA,999002,MSQ,E1,NA,E1,4,non-USGS
NA,NA,NA,NA,NA,NA,Arkansas River,1-Oct-2015,Melon Valley SWA,NA,13S,611129,4217846,Arkansas,NA,NA,NA,NA,999002,SAH,E1,NA,E1,3,non-USGS
NA,NA,NA,NA,NA,NA,Arkansas River,1-Oct-2015,Melon Valley SWA,NA,13S,611129,4217846,Arkansas,NA,NA,NA,NA,999002,SNF,E1,NA,E1,51,non-USGS
NA,NA,NA,NA,NA,NA,Arkansas River,1-Oct-2015,Melon Valley SWA,NA,13S,611129,4217846,Arkansas,NA,NA,NA,NA,999002,CCF,S2,NA,S1,2,non-USGS
NA,NA,NA,NA,NA,NA,Arkansas River,1-Oct-2015,Melon Valley SWA,NA,13S,611129,4217846,Arkansas,NA,NA,NA,NA,999002,CPP,S2,NA,S1,6,non-USGS
NA,NA,NA,NA,NA,NA,Arkansas River,1-Oct-2015,Melon Valley SWA,NA,13S,611129,4217846,Arkansas,NA,NA,NA,NA,999002,FHC,S2,NA,S1,3,non-USGS
NA,NA,NA,NA,NA,NA,Arkansas River,1-Oct-2015,Melon Valley SWA,NA,13S,611129,4217846,Arkansas,NA,NA,NA,NA,999002,FMW,S2,NA,S1,20,non-USGS
NA,NA,NA,NA,NA,NA,Arkansas River,1-Oct-2015,Melon Valley SWA,NA,13S,611129,4217846,Arkansas,NA,NA,NA,NA,999002,GSD,S2,NA,S1,6,non-USGS
NA,NA,NA,NA,NA,NA,Arkansas River,1-Oct-2015,Melon Valley SWA,NA,13S,611129,4217846,Arkansas,NA,NA,NA,NA,999002,PMW,S2,NA,S1,6,non-USGS
NA,NA,NA,NA,NA,NA,Arkansas River,1-Oct-2015,Melon Valley SWA,NA,13S,611129,4217846,Arkansas,NA,NA,NA,NA,999002,RDS,S2,NA,S1,123,non-USGS
NA,NA,NA,NA,NA,NA,Arkansas River,1-Oct-2015,Melon Valley SWA,NA,13S,611129,4217846,Arkansas,NA,NA,NA,NA,999002,SAH,S2,NA,S1,4,non-USGS
NA,NA,NA,NA,NA,NA,Arkansas River,1-Oct-2015,Melon Valley SWA,NA,13S,611129,4217846,Arkansas,NA,NA,NA,NA,999002,CCF,S3,NA,S2,1,non-USGS
NA,NA,NA,NA,NA,NA,Arkansas River,1-Oct-2015,Melon Valley SWA,NA,13S,611129,4217846,Arkansas,NA,NA,NA,NA,999002,CPP,S3,NA,S2,2,non-USGS
NA,NA,NA,NA,NA,NA,Arkansas River,1-Oct-2015,Melon Valley SWA,NA,13S,611129,4217846,Arkansas,NA,NA,NA,NA,999002,FHC,S3,NA,S2,3,non-USGS
NA,NA,NA,NA,NA,NA,Arkansas River,1-Oct-2015,Melon Valley SWA,NA,13S,611129,4217846,Arkansas,NA,NA,NA,NA,999002,FMW,S3,NA,S2,24,non-USGS
NA,NA,NA,NA,NA,NA,Arkansas River,1-Oct-2015,Melon Valley SWA,NA,13S,611129,4217846,Arkansas,NA,NA,NA,NA,999002,GSD,S3,NA,S2,7,non-USGS
NA,NA,NA,NA,NA,NA,Arkansas River,1-Oct-2015,Melon Valley SWA,NA,13S,611129,4217846,Arkansas,NA,NA,NA,NA,999002,PMW,S3,NA,S2,4,non-USGS
NA,NA,NA,NA,NA,NA,Arkansas River,1-Oct-2015,Melon Valley SWA,NA,13S,611129,4217846,Arkansas,NA,NA,NA,NA,999002,RDS,S3,NA,S2,80,non-USGS
NA,NA,NA,NA,NA,NA,Arkansas River,1-Oct-2015,Melon Valley SWA,NA,13S,611129,4217846,Arkansas,NA,NA,NA,NA,999002,SAH,S3,NA,S2,11,non-USGS
NA,NA,NA,NA,NA,NA,Arkansas River,1-Oct-2015,Melon Valley SWA,NA,13S,611129,4217846,Arkansas,NA,NA,NA,NA,999002,UNK,S3,NA,S2,2,non-USGS
NA,NA,NA,NA,NA,NA,Black Squirrell Creek,6-Oct-2015,"Lower Pond, 7.8 km above Chico Creek: Chico Basin Ranch ",NA,13S,553970,4256707,Arkansas,NA,NA,NA,NA,999003,PKF,DN2,NA,D1,3,non-USGS
NA,NA,NA,NA,NA,NA,Black Squirrell Creek,6-Oct-2015,"Lower Pond, 7.8 km above Chico Creek: Chico Basin Ranch ",NA,13S,553970,4256707,Arkansas,NA,NA,NA,NA,999003,BBH,E1,NA,E1,1,non-USGS
NA,NA,NA,NA,NA,NA,Black Squirrell Creek,6-Oct-2015,"Lower Pond, 7.8 km above Chico Creek: Chico Basin Ranch ",NA,13S,553970,4256707,Arkansas,NA,NA,NA,NA,999003,PKF,E1,NA,E1,13,non-USGS
NA,NA,NA,NA,NA,NA,Black Squirrell Creek,6-Oct-2015,"Upper Pond, 7.8 km above Chico Creek: Chico Basin Ranch ",NA,13S,553970,4256707,Arkansas,NA,NA,NA,NA,999003,FHM,DN2,NA,D1,1,non-USGS
NA,NA,NA,NA,NA,NA,Black Squirrell Creek,6-Oct-2015,"Upper Pond, 7.8 km above Chico Creek: Chico Basin Ranch ",NA,13S,553970,4256707,Arkansas,NA,NA,NA,NA,999003,PKF,DN2,NA,D1,2,non-USGS
NA,NA,NA,NA,NA,NA,Black Squirrell Creek,6-Oct-2015,"Upper Pond, 7.8 km above Chico Creek: Chico Basin Ranch ",NA,13S,553970,4256707,Arkansas,NA,NA,NA,NA,999003,PKF,E1,NA,E1,4,non-USGS
NA,NA,NA,NA,NA,NA,Rush Creek,8-Oct-2015,Pueblo Wildlife Area,NA,13S,511309,4238799,Arkansas,NA,NA,NA,NA,999004,CPP,E1,NA,E1,1,non-USGS
NA,NA,NA,NA,NA,NA,Rush Creek,8-Oct-2015,Pueblo Wildlife Area,NA,13S,511309,4238799,Arkansas,NA,NA,NA,NA,999004,FMW,E1,NA,E1,10,non-USGS
NA,NA,NA,NA,NA,NA,Rush Creek,8-Oct-2015,Pueblo Wildlife Area,NA,13S,511309,4238799,Arkansas,NA,NA,NA,NA,999004,LND,E1,NA,E1,2,non-USGS
NA,NA,NA,NA,NA,NA,Rush Creek,8-Oct-2015,Pueblo Wildlife Area,NA,13S,511309,4238799,Arkansas,NA,NA,NA,NA,999004,STR,E1,NA,E1,30,non-USGS
NA,NA,NA,NA,NA,NA,Rush Creek,8-Oct-2015,Pueblo Wildlife Area,NA,13S,511309,4238799,Arkansas,NA,NA,NA,NA,999004,WHS,E1,NA,E1,1,non-USGS
NA,NA,NA,NA,NA,NA,Rush Creek,8-Oct-2015,Pueblo Wildlife Area,NA,13S,511309,4238799,Arkansas,NA,NA,NA,NA,999004,FMW,E3,NA,E2,5,non-USGS
NA,NA,NA,NA,NA,NA,Rush Creek,8-Oct-2015,Pueblo Wildlife Area,NA,13S,511309,4238799,Arkansas,NA,NA,NA,NA,999004,STR,E3,NA,E2,10,non-USGS
NA,NA,NA,NA,NA,NA,Rush Creek,8-Oct-2015,Pueblo Wildlife Area,NA,13S,511309,4238799,Arkansas,NA,NA,NA,NA,999004,WHS,E3,NA,E2,1,non-USGS
NA,NA,NA,NA,NA,NA,Rush Creek,8-Oct-2015,Pueblo Wildlife Area,NA,13S,511309,4238799,Arkansas,NA,NA,NA,NA,999004,STR,S2,NA,S1,1,non-USGS
NA,NA,NA,NA,NA,NA,Black Squirrell Creek,12-Oct-2015,2.5 km NW of Peyton HWY,NA,13S,552780,4251374,Arkansas,NA,NA,NA,NA,999003,PKF,E1,NA,E1,278,non-USGS
NA,NA,NA,NA,NA,NA,Black Squirrell Creek,12-Oct-2015,2.5 km NW of Peyton HWY,NA,13S,552780,4251374,Arkansas,NA,NA,NA,NA,999003,PKF,E2 (Lower Reach),NA,E2,25,non-USGS
NA,NA,NA,NA,NA,NA,Arkansas River,14-Oct-2015,Rocky Ford SWA,NA,13S,615511,4213388,Arkansas,NA,NA,NA,NA,999002,BBH,E1,NA,E1,2,non-USGS
NA,NA,NA,NA,NA,NA,Arkansas River,14-Oct-2015,Rocky Ford SWA,NA,13S,615511,4213388,Arkansas,NA,NA,NA,NA,999002,BCR,E1,NA,E1,2,non-USGS
NA,NA,NA,NA,NA,NA,Arkansas River,14-Oct-2015,Rocky Ford SWA,NA,13S,615511,4213388,Arkansas,NA,NA,NA,NA,999002,CCF,E1,NA,E1,80,non-USGS
NA,NA,NA,NA,NA,NA,Arkansas River,14-Oct-2015,Rocky Ford SWA,NA,13S,615511,4213388,Arkansas,NA,NA,NA,NA,999002,CPP,E1,NA,E1,83,non-USGS
NA,NA,NA,NA,NA,NA,Arkansas River,14-Oct-2015,Rocky Ford SWA,NA,13S,615511,4213388,Arkansas,NA,NA,NA,NA,999002,FHC,E1,NA,E1,20,non-USGS
NA,NA,NA,NA,NA,NA,Arkansas River,14-Oct-2015,Rocky Ford SWA,NA,13S,615511,4213388,Arkansas,NA,NA,NA,NA,999002,FMW,E1,NA,E1,44,non-USGS
NA,NA,NA,NA,NA,NA,Arkansas River,14-Oct-2015,Rocky Ford SWA,NA,13S,615511,4213388,Arkansas,NA,NA,NA,NA,999002,GSD,E1,NA,E1,15,non-USGS
NA,NA,NA,NA,NA,NA,Arkansas River,14-Oct-2015,Rocky Ford SWA,NA,13S,615511,4213388,Arkansas,NA,NA,NA,NA,999002,LMB,E1,NA,E1,2,non-USGS
NA,NA,NA,NA,NA,NA,Arkansas River,14-Oct-2015,Rocky Ford SWA,NA,13S,615511,4213388,Arkansas,NA,NA,NA,NA,999002,MSQ,E1,NA,E1,72,non-USGS
NA,NA,NA,NA,NA,NA,Arkansas River,14-Oct-2015,Rocky Ford SWA,NA,13S,615511,4213388,Arkansas,NA,NA,NA,NA,999002,PMW,E1,NA,E1,9,non-USGS
NA,NA,NA,NA,NA,NA,Arkansas River,14-Oct-2015,Rocky Ford SWA,NA,13S,615511,4213388,Arkansas,NA,NA,NA,NA,999002,RDS,E1,NA,E1,60,non-USGS
NA,NA,NA,NA,NA,NA,Arkansas River,14-Oct-2015,Rocky Ford SWA,NA,13S,615511,4213388,Arkansas,NA,NA,NA,NA,999002,SAG,E1,NA,E1,2,non-USGS
NA,NA,NA,NA,NA,NA,Arkansas River,14-Oct-2015,Rocky Ford SWA,NA,13S,615511,4213388,Arkansas,NA,NA,NA,NA,999002,SAH,E1,NA,E1,14,non-USGS
NA,NA,NA,NA,NA,NA,Arkansas River,14-Oct-2015,Rocky Ford SWA,NA,13S,615511,4213388,Arkansas,NA,NA,NA,NA,999002,SNF,E1,NA,E1,79,non-USGS
NA,NA,NA,NA,NA,NA,Arkansas River,14-Oct-2015,Rocky Ford SWA,NA,13S,615511,4213388,Arkansas,NA,NA,NA,NA,999002,BCR,E3,NA,E2,1,non-USGS
NA,NA,NA,NA,NA,NA,Arkansas River,14-Oct-2015,Rocky Ford SWA,NA,13S,615511,4213388,Arkansas,NA,NA,NA,NA,999002,CCF,E3,NA,E2,37,non-USGS
NA,NA,NA,NA,NA,NA,Arkansas River,14-Oct-2015,Rocky Ford SWA,NA,13S,615511,4213388,Arkansas,NA,NA,NA,NA,999002,CPP,E3,NA,E2,38,non-USGS
NA,NA,NA,NA,NA,NA,Arkansas River,14-Oct-2015,Rocky Ford SWA,NA,13S,615511,4213388,Arkansas,NA,NA,NA,NA,999002,FHC,E3,NA,E2,4,non-USGS
NA,NA,NA,NA,NA,NA,Arkansas River,14-Oct-2015,Rocky Ford SWA,NA,13S,615511,4213388,Arkansas,NA,NA,NA,NA,999002,FMW,E3,NA,E2,29,non-USGS
NA,NA,NA,NA,NA,NA,Arkansas River,14-Oct-2015,Rocky Ford SWA,NA,13S,615511,4213388,Arkansas,NA,NA,NA,NA,999002,GSD,E3,NA,E2,4,non-USGS
NA,NA,NA,NA,NA,NA,Arkansas River,14-Oct-2015,Rocky Ford SWA,NA,13S,615511,4213388,Arkansas,NA,NA,NA,NA,999002,PMW,E3,NA,E2,4,non-USGS
NA,NA,NA,NA,NA,NA,Arkansas River,14-Oct-2015,Rocky Ford SWA,NA,13S,615511,4213388,Arkansas,NA,NA,NA,NA,999002,RDS,E3,NA,E2,43,non-USGS
NA,NA,NA,NA,NA,NA,Arkansas River,14-Oct-2015,Rocky Ford SWA,NA,13S,615511,4213388,Arkansas,NA,NA,NA,NA,999002,SAH,E3,NA,E2,4,non-USGS
NA,NA,NA,NA,NA,NA,Arkansas River,14-Oct-2015,Rocky Ford SWA,NA,13S,615511,4213388,Arkansas,NA,NA,NA,NA,999002,SMM,E3,NA,E2,1,non-USGS
NA,NA,NA,NA,NA,NA,Arkansas River,14-Oct-2015,Rocky Ford SWA,NA,13S,615511,4213388,Arkansas,NA,NA,NA,NA,999002,SNF,E3,NA,E2,21,non-USGS
NA,NA,NA,NA,NA,NA,Arkansas River,14-Oct-2015,Rocky Ford SWA,NA,13S,615511,4213388,Arkansas,NA,NA,NA,NA,999002,WHS,E3,NA,E2,1,non-USGS
NA,NA,NA,NA,NA,NA,Arkansas River,14-Oct-2015,Rocky Ford SWA,NA,13S,615511,4213388,Arkansas,NA,NA,NA,NA,999002,CCF,E4,NA,E3,14,non-USGS
NA,NA,NA,NA,NA,NA,Arkansas River,14-Oct-2015,Rocky Ford SWA,NA,13S,615511,4213388,Arkansas,NA,NA,NA,NA,999002,CPP,E4,NA,E3,12,non-USGS
NA,NA,NA,NA,NA,NA,Arkansas River,14-Oct-2015,Rocky Ford SWA,NA,13S,615511,4213388,Arkansas,NA,NA,NA,NA,999002,FHC,E4,NA,E3,3,non-USGS
NA,NA,NA,NA,NA,NA,Arkansas River,14-Oct-2015,Rocky Ford SWA,NA,13S,615511,4213388,Arkansas,NA,NA,NA,NA,999002,FMW,E4,NA,E3,2,non-USGS
NA,NA,NA,NA,NA,NA,Arkansas River,14-Oct-2015,Rocky Ford SWA,NA,13S,615511,4213388,Arkansas,NA,NA,NA,NA,999002,GSD,E4,NA,E3,1,non-USGS
NA,NA,NA,NA,NA,NA,Arkansas River,14-Oct-2015,Rocky Ford SWA,NA,13S,615511,4213388,Arkansas,NA,NA,NA,NA,999002,PMW,E4,NA,E3,1,non-USGS
NA,NA,NA,NA,NA,NA,Arkansas River,14-Oct-2015,Rocky Ford SWA,NA,13S,615511,4213388,Arkansas,NA,NA,NA,NA,999002,RDS,E4,NA,E3,10,non-USGS
NA,NA,NA,NA,NA,NA,Arkansas River,14-Oct-2015,Rocky Ford SWA,NA,13S,615511,4213388,Arkansas,NA,NA,NA,NA,999002,SMM,E4,NA,E3,1,non-USGS
NA,NA,NA,NA,NA,NA,Arkansas River,14-Oct-2015,Rocky Ford SWA,NA,13S,615511,4213388,Arkansas,NA,NA,NA,NA,999002,SNF,E4,NA,E3,16,non-USGS
NA,NA,NA,NA,NA,NA,Arkansas River,14-Oct-2015,Rocky Ford SWA,NA,13S,615511,4213388,Arkansas,NA,NA,NA,NA,999002,CPP,S2,NA,S1,7,non-USGS
NA,NA,NA,NA,NA,NA,Arkansas River,14-Oct-2015,Rocky Ford SWA,NA,13S,615511,4213388,Arkansas,NA,NA,NA,NA,999002,FHC,S2,NA,S1,2,non-USGS
NA,NA,NA,NA,NA,NA,Arkansas River,14-Oct-2015,Rocky Ford SWA,NA,13S,615511,4213388,Arkansas,NA,NA,NA,NA,999002,FMW,S2,NA,S1,5,non-USGS
NA,NA,NA,NA,NA,NA,Arkansas River,14-Oct-2015,Rocky Ford SWA,NA,13S,615511,4213388,Arkansas,NA,NA,NA,NA,999002,GSD,S2,NA,S1,4,non-USGS
NA,NA,NA,NA,NA,NA,Arkansas River,14-Oct-2015,Rocky Ford SWA,NA,13S,615511,4213388,Arkansas,NA,NA,NA,NA,999002,PMW,S2,NA,S1,1,non-USGS
NA,NA,NA,NA,NA,NA,Arkansas River,14-Oct-2015,Rocky Ford SWA,NA,13S,615511,4213388,Arkansas,NA,NA,NA,NA,999002,RDS,S2,NA,S1,100,non-USGS
NA,NA,NA,NA,NA,NA,Arkansas River,14-Oct-2015,Rocky Ford SWA,NA,13S,615511,4213388,Arkansas,NA,NA,NA,NA,999002,SAH,S2,NA,S1,2,non-USGS
NA,NA,NA,NA,NA,NA,Arkansas River,23-Oct-2015,"BLW Railroad Tressle, 40m North of North Gate Pond #2, 730m East of US-287N",NA,13S,709529,4220240,Arkansas,NA,NA,NA,NA,999002,ARD,E1,NA,E1,2,non-USGS
NA,NA,NA,NA,NA,NA,Arkansas River,23-Oct-2015,"BLW Railroad Tressle, 40m North of North Gate Pond #2, 730m East of US-287N",NA,13S,709529,4220240,Arkansas,NA,NA,NA,NA,999002,BBH,E1,NA,E1,1,non-USGS
NA,NA,NA,NA,NA,NA,Arkansas River,23-Oct-2015,"BLW Railroad Tressle, 40m North of North Gate Pond #2, 730m East of US-287N",NA,13S,709529,4220240,Arkansas,NA,NA,NA,NA,999002,BGL,E1,NA,E1,41,non-USGS
NA,NA,NA,NA,NA,NA,Arkansas River,23-Oct-2015,"BLW Railroad Tressle, 40m North of North Gate Pond #2, 730m East of US-287N",NA,13S,709529,4220240,Arkansas,NA,NA,NA,NA,999002,CCF,E1,NA,E1,17,non-USGS
NA,NA,NA,NA,NA,NA,Arkansas River,23-Oct-2015,"BLW Railroad Tressle, 40m North of North Gate Pond #2, 730m East of US-287N",NA,13S,709529,4220240,Arkansas,NA,NA,NA,NA,999002,CPP,E1,NA,E1,9,non-USGS
NA,NA,NA,NA,NA,NA,Arkansas River,23-Oct-2015,"BLW Railroad Tressle, 40m North of North Gate Pond #2, 730m East of US-287N",NA,13S,709529,4220240,Arkansas,NA,NA,NA,NA,999002,GSD,E1,NA,E1,1,non-USGS
NA,NA,NA,NA,NA,NA,Arkansas River,23-Oct-2015,"BLW Railroad Tressle, 40m North of North Gate Pond #2, 730m East of US-287N",NA,13S,709529,4220240,Arkansas,NA,NA,NA,NA,999002,LMB,E1,NA,E1,1,non-USGS
NA,NA,NA,NA,NA,NA,Arkansas River,23-Oct-2015,"BLW Railroad Tressle, 40m North of North Gate Pond #2, 730m East of US-287N",NA,13S,709529,4220240,Arkansas,NA,NA,NA,NA,999002,MSQ,E1,NA,E1,740,non-USGS
NA,NA,NA,NA,NA,NA,Arkansas River,23-Oct-2015,"BLW Railroad Tressle, 40m North of North Gate Pond #2, 730m East of US-287N",NA,13S,709529,4220240,Arkansas,NA,NA,NA,NA,999002,OSF,E1,NA,E1,5,non-USGS
NA,NA,NA,NA,NA,NA,Arkansas River,23-Oct-2015,"BLW Railroad Tressle, 40m North of North Gate Pond #2, 730m East of US-287N",NA,13S,709529,4220240,Arkansas,NA,NA,NA,NA,999002,PKF,E1,NA,E1,4,non-USGS
NA,NA,NA,NA,NA,NA,Arkansas River,23-Oct-2015,"BLW Railroad Tressle, 40m North of North Gate Pond #2, 730m East of US-287N",NA,13S,709529,4220240,Arkansas,NA,NA,NA,NA,999002,RDS,E1,NA,E1,10,non-USGS
NA,NA,NA,NA,NA,NA,Arkansas River,23-Oct-2015,"BLW Railroad Tressle, 40m North of North Gate Pond #2, 730m East of US-287N",NA,13S,709529,4220240,Arkansas,NA,NA,NA,NA,999002,SAG,E1,NA,E1,5,non-USGS
NA,NA,NA,NA,NA,NA,Arkansas River,23-Oct-2015,"BLW Railroad Tressle, 40m North of North Gate Pond #2, 730m East of US-287N",NA,13S,709529,4220240,Arkansas,NA,NA,NA,NA,999002,SAH,E1,NA,E1,31,non-USGS
NA,NA,NA,NA,NA,NA,Arkansas River,23-Oct-2015,"BLW Railroad Tressle, 40m North of North Gate Pond #2, 730m East of US-287N",NA,13S,709529,4220240,Arkansas,NA,NA,NA,NA,999002,SMM,E1,NA,E1,43,non-USGS
NA,NA,NA,NA,NA,NA,Arkansas River,23-Oct-2015,"BLW Railroad Tressle, 40m North of North Gate Pond #2, 730m East of US-287N",NA,13S,709529,4220240,Arkansas,NA,NA,NA,NA,999002,SNF,E1,NA,E1,46,non-USGS
NA,NA,NA,NA,NA,NA,Arkansas River,23-Oct-2015,"BLW Railroad Tressle, 40m North of North Gate Pond #2, 730m East of US-287N",NA,13S,709529,4220240,Arkansas,NA,NA,NA,NA,999002,STR,E1,NA,E1,90,non-USGS
NA,NA,NA,NA,NA,NA,Arkansas River,23-Oct-2015,"BLW Railroad Tressle, 40m North of North Gate Pond #2, 730m East of US-287N",NA,13S,709529,4220240,Arkansas,NA,NA,NA,NA,999002,WHS,E1,NA,E1,13,non-USGS
NA,NA,NA,NA,NA,NA,Arkansas River,23-Oct-2015,"BLW Railroad Tressle, 40m North of North Gate Pond #2, 730m East of US-287N",NA,13S,709529,4220240,Arkansas,NA,NA,NA,NA,999002,ARD,E3,NA,E2,3,non-USGS
NA,NA,NA,NA,NA,NA,Arkansas River,23-Oct-2015,"BLW Railroad Tressle, 40m North of North Gate Pond #2, 730m East of US-287N",NA,13S,709529,4220240,Arkansas,NA,NA,NA,NA,999002,BBH,E3,NA,E2,1,non-USGS
NA,NA,NA,NA,NA,NA,Arkansas River,23-Oct-2015,"BLW Railroad Tressle, 40m North of North Gate Pond #2, 730m East of US-287N",NA,13S,709529,4220240,Arkansas,NA,NA,NA,NA,999002,BGL,E3,NA,E2,19,non-USGS
NA,NA,NA,NA,NA,NA,Arkansas River,23-Oct-2015,"BLW Railroad Tressle, 40m North of North Gate Pond #2, 730m East of US-287N",NA,13S,709529,4220240,Arkansas,NA,NA,NA,NA,999002,CCF,E3,NA,E2,15,non-USGS
NA,NA,NA,NA,NA,NA,Arkansas River,23-Oct-2015,"BLW Railroad Tressle, 40m North of North Gate Pond #2, 730m East of US-287N",NA,13S,709529,4220240,Arkansas,NA,NA,NA,NA,999002,CPP,E3,NA,E2,7,non-USGS
NA,NA,NA,NA,NA,NA,Arkansas River,23-Oct-2015,"BLW Railroad Tressle, 40m North of North Gate Pond #2, 730m East of US-287N",NA,13S,709529,4220240,Arkansas,NA,NA,NA,NA,999002,LMB,E3,NA,E2,1,non-USGS
NA,NA,NA,NA,NA,NA,Arkansas River,23-Oct-2015,"BLW Railroad Tressle, 40m North of North Gate Pond #2, 730m East of US-287N",NA,13S,709529,4220240,Arkansas,NA,NA,NA,NA,999002,MSQ,E3,NA,E2,485,non-USGS
NA,NA,NA,NA,NA,NA,Arkansas River,23-Oct-2015,"BLW Railroad Tressle, 40m North of North Gate Pond #2, 730m East of US-287N",NA,13S,709529,4220240,Arkansas,NA,NA,NA,NA,999002,PKF,E3,NA,E2,1,non-USGS
NA,NA,NA,NA,NA,NA,Arkansas River,23-Oct-2015,"BLW Railroad Tressle, 40m North of North Gate Pond #2, 730m East of US-287N",NA,13S,709529,4220240,Arkansas,NA,NA,NA,NA,999002,RDS,E3,NA,E2,6,non-USGS
NA,NA,NA,NA,NA,NA,Arkansas River,23-Oct-2015,"BLW Railroad Tressle, 40m North of North Gate Pond #2, 730m East of US-287N",NA,13S,709529,4220240,Arkansas,NA,NA,NA,NA,999002,SAH,E3,NA,E2,6,non-USGS
NA,NA,NA,NA,NA,NA,Arkansas River,23-Oct-2015,"BLW Railroad Tressle, 40m North of North Gate Pond #2, 730m East of US-287N",NA,13S,709529,4220240,Arkansas,NA,NA,NA,NA,999002,SMM,E3,NA,E2,7,non-USGS
NA,NA,NA,NA,NA,NA,Arkansas River,23-Oct-2015,"BLW Railroad Tressle, 40m North of North Gate Pond #2, 730m East of US-287N",NA,13S,709529,4220240,Arkansas,NA,NA,NA,NA,999002,SNF,E3,NA,E2,24,non-USGS
NA,NA,NA,NA,NA,NA,Arkansas River,23-Oct-2015,"BLW Railroad Tressle, 40m North of North Gate Pond #2, 730m East of US-287N",NA,13S,709529,4220240,Arkansas,NA,NA,NA,NA,999002,STR,E3,NA,E2,7,non-USGS
NA,NA,NA,NA,NA,NA,Arkansas River,23-Oct-2015,"BLW Railroad Tressle, 40m North of North Gate Pond #2, 730m East of US-287N",NA,13S,709529,4220240,Arkansas,NA,NA,NA,NA,999002,WHS,E3,NA,E2,4,non-USGS
NA,NA,NA,NA,NA,NA,Arkansas River,23-Oct-2015,"BLW Railroad Tressle, 40m North of North Gate Pond #2, 730m East of US-287N",NA,13S,709529,4220240,Arkansas,NA,NA,NA,NA,999002,CCF,S2,NA,S1,1,non-USGS
NA,NA,NA,NA,NA,NA,Arkansas River,23-Oct-2015,"BLW Railroad Tressle, 40m North of North Gate Pond #2, 730m East of US-287N",NA,13S,709529,4220240,Arkansas,NA,NA,NA,NA,999002,MSQ,S2,NA,S1,332,non-USGS
NA,NA,NA,NA,NA,NA,Arkansas River,23-Oct-2015,"BLW Railroad Tressle, 40m North of North Gate Pond #2, 730m East of US-287N",NA,13S,709529,4220240,Arkansas,NA,NA,NA,NA,999002,RDS,S2,NA,S1,93,non-USGS
NA,NA,NA,NA,NA,NA,Arkansas River,23-Oct-2015,"BLW Railroad Tressle, 40m North of North Gate Pond #2, 730m East of US-287N",NA,13S,709529,4220240,Arkansas,NA,NA,NA,NA,999002,SAH,S2,NA,S1,19,non-USGS
NA,NA,NA,NA,NA,NA,Arkansas River,23-Oct-2015,"BLW Railroad Tressle, 40m North of North Gate Pond #2, 730m East of US-287N",NA,13S,709529,4220240,Arkansas,NA,NA,NA,NA,999002,SMM,S2,NA,S1,1,non-USGS
NA,NA,NA,NA,NA,NA,Arkansas River,23-Oct-2015,"BLW Railroad Tressle, 40m North of North Gate Pond #2, 730m East of US-287N",NA,13S,709529,4220240,Arkansas,NA,NA,NA,NA,999002,STR,S2,NA,S1,1,non-USGS
NA,NA,NA,NA,NA,NA,Arkansas River,29-Oct-2015,"350m Below US-50, Above rail road tressle, Granada SWA",NA,13S,743437,4215415,Arkansas,NA,NA,NA,NA,999002,BBH,E1,NA,E1,6,non-USGS
NA,NA,NA,NA,NA,NA,Arkansas River,29-Oct-2015,"350m Below US-50, Above rail road tressle, Granada SWA",NA,13S,743437,4215415,Arkansas,NA,NA,NA,NA,999002,CCF,E1,NA,E1,37,non-USGS
NA,NA,NA,NA,NA,NA,Arkansas River,29-Oct-2015,"350m Below US-50, Above rail road tressle, Granada SWA",NA,13S,743437,4215415,Arkansas,NA,NA,NA,NA,999002,CPP,E1,NA,E1,13,non-USGS
NA,NA,NA,NA,NA,NA,Arkansas River,29-Oct-2015,"350m Below US-50, Above rail road tressle, Granada SWA",NA,13S,743437,4215415,Arkansas,NA,NA,NA,NA,999002,FMW,E1,NA,E1,36,non-USGS
NA,NA,NA,NA,NA,NA,Arkansas River,29-Oct-2015,"350m Below US-50, Above rail road tressle, Granada SWA",NA,13S,743437,4215415,Arkansas,NA,NA,NA,NA,999002,MSQ,E1,NA,E1,187,non-USGS
NA,NA,NA,NA,NA,NA,Arkansas River,29-Oct-2015,"350m Below US-50, Above rail road tressle, Granada SWA",NA,13S,743437,4215415,Arkansas,NA,NA,NA,NA,999002,PKF,E1,NA,E1,26,non-USGS
NA,NA,NA,NA,NA,NA,Arkansas River,29-Oct-2015,"350m Below US-50, Above rail road tressle, Granada SWA",NA,13S,743437,4215415,Arkansas,NA,NA,NA,NA,999002,RDS,E1,NA,E1,77,non-USGS
NA,NA,NA,NA,NA,NA,Arkansas River,29-Oct-2015,"350m Below US-50, Above rail road tressle, Granada SWA",NA,13S,743437,4215415,Arkansas,NA,NA,NA,NA,999002,SAH,E1,NA,E1,191,non-USGS
NA,NA,NA,NA,NA,NA,Arkansas River,29-Oct-2015,"350m Below US-50, Above rail road tressle, Granada SWA",NA,13S,743437,4215415,Arkansas,NA,NA,NA,NA,999002,SMM,E1,NA,E1,19,non-USGS
NA,NA,NA,NA,NA,NA,Arkansas River,29-Oct-2015,"350m Below US-50, Above rail road tressle, Granada SWA",NA,13S,743437,4215415,Arkansas,NA,NA,NA,NA,999002,SNF,E1,NA,E1,60,non-USGS
NA,NA,NA,NA,NA,NA,Arkansas River,29-Oct-2015,"350m Below US-50, Above rail road tressle, Granada SWA",NA,13S,743437,4215415,Arkansas,NA,NA,NA,NA,999002,STR,E1,NA,E1,107,non-USGS
NA,NA,NA,NA,NA,NA,Arkansas River,29-Oct-2015,"350m Below US-50, Above rail road tressle, Granada SWA",NA,13S,743437,4215415,Arkansas,NA,NA,NA,NA,999002,BBH,E3,NA,E2,2,non-USGS
NA,NA,NA,NA,NA,NA,Arkansas River,29-Oct-2015,"350m Below US-50, Above rail road tressle, Granada SWA",NA,13S,743437,4215415,Arkansas,NA,NA,NA,NA,999002,CCF,E3,NA,E2,29,non-USGS
NA,NA,NA,NA,NA,NA,Arkansas River,29-Oct-2015,"350m Below US-50, Above rail road tressle, Granada SWA",NA,13S,743437,4215415,Arkansas,NA,NA,NA,NA,999002,CPP,E3,NA,E2,2,non-USGS
NA,NA,NA,NA,NA,NA,Arkansas River,29-Oct-2015,"350m Below US-50, Above rail road tressle, Granada SWA",NA,13S,743437,4215415,Arkansas,NA,NA,NA,NA,999002,FMW,E3,NA,E2,15,non-USGS
NA,NA,NA,NA,NA,NA,Arkansas River,29-Oct-2015,"350m Below US-50, Above rail road tressle, Granada SWA",NA,13S,743437,4215415,Arkansas,NA,NA,NA,NA,999002,MSQ,E3,NA,E2,14,non-USGS
NA,NA,NA,NA,NA,NA,Arkansas River,29-Oct-2015,"350m Below US-50, Above rail road tressle, Granada SWA",NA,13S,743437,4215415,Arkansas,NA,NA,NA,NA,999002,PKF,E3,NA,E2,3,non-USGS
NA,NA,NA,NA,NA,NA,Arkansas River,29-Oct-2015,"350m Below US-50, Above rail road tressle, Granada SWA",NA,13S,743437,4215415,Arkansas,NA,NA,NA,NA,999002,RDS,E3,NA,E2,13,non-USGS
NA,NA,NA,NA,NA,NA,Arkansas River,29-Oct-2015,"350m Below US-50, Above rail road tressle, Granada SWA",NA,13S,743437,4215415,Arkansas,NA,NA,NA,NA,999002,SAH,E3,NA,E2,81,non-USGS
NA,NA,NA,NA,NA,NA,Arkansas River,29-Oct-2015,"350m Below US-50, Above rail road tressle, Granada SWA",NA,13S,743437,4215415,Arkansas,NA,NA,NA,NA,999002,SMM,E3,NA,E2,10,non-USGS
NA,NA,NA,NA,NA,NA,Arkansas River,29-Oct-2015,"350m Below US-50, Above rail road tressle, Granada SWA",NA,13S,743437,4215415,Arkansas,NA,NA,NA,NA,999002,SNF,E3,NA,E2,21,non-USGS
NA,NA,NA,NA,NA,NA,Arkansas River,29-Oct-2015,"350m Below US-50, Above rail road tressle, Granada SWA",NA,13S,743437,4215415,Arkansas,NA,NA,NA,NA,999002,STR,E3,NA,E2,57,non-USGS
NA,NA,NA,NA,NA,NA,Arkansas River,29-Oct-2015,"350m Below US-50, Above rail road tressle, Granada SWA",NA,13S,743437,4215415,Arkansas,NA,NA,NA,NA,999002,CCF,S2,NA,S1,2,non-USGS
NA,NA,NA,NA,NA,NA,Arkansas River,29-Oct-2015,"350m Below US-50, Above rail road tressle, Granada SWA",NA,13S,743437,4215415,Arkansas,NA,NA,NA,NA,999002,FMW,S2,NA,S1,3,non-USGS
NA,NA,NA,NA,NA,NA,Arkansas River,29-Oct-2015,"350m Below US-50, Above rail road tressle, Granada SWA",NA,13S,743437,4215415,Arkansas,NA,NA,NA,NA,999002,MSQ,S2,NA,S1,6,non-USGS
NA,NA,NA,NA,NA,NA,Arkansas River,29-Oct-2015,"350m Below US-50, Above rail road tressle, Granada SWA",NA,13S,743437,4215415,Arkansas,NA,NA,NA,NA,999002,PKF,S2,NA,S1,4,non-USGS
NA,NA,NA,NA,NA,NA,Arkansas River,29-Oct-2015,"350m Below US-50, Above rail road tressle, Granada SWA",NA,13S,743437,4215415,Arkansas,NA,NA,NA,NA,999002,RDS,S2,NA,S1,196,non-USGS
NA,NA,NA,NA,NA,NA,Arkansas River,29-Oct-2015,"350m Below US-50, Above rail road tressle, Granada SWA",NA,13S,743437,4215415,Arkansas,NA,NA,NA,NA,999002,SAH,S2,NA,S1,151,non-USGS
NA,NA,NA,NA,NA,NA,Arkansas River,29-Oct-2015,"350m Below US-50, Above rail road tressle, Granada SWA",NA,13S,743437,4215415,Arkansas,NA,NA,NA,NA,999002,SNF,S2,NA,S1,1,non-USGS
NA,NA,NA,NA,NA,NA,Arkansas River,29-Oct-2015,"350m Below US-50, Above rail road tressle, Granada SWA",NA,13S,743437,4215415,Arkansas,NA,NA,NA,NA,999002,STR,S2,NA,S1,14,non-USGS
NA,NA,NA,NA,NA,NA,Arkansas River,3-Nov-2015,"110m ABV C.R. JJ, Red Dog SWA",NA,13S,756695,4221143,Arkansas,NA,NA,NA,NA,999002,PKF,E1,NA,E1,16,non-USGS
NA,NA,NA,NA,NA,NA,Arkansas River,3-Nov-2015,"110m ABV C.R. JJ, Red Dog SWA",NA,13S,756695,4221143,Arkansas,NA,NA,NA,NA,999002,RDS,E1,NA,E1,1,non-USGS
NA,NA,NA,NA,NA,NA,Arkansas River,3-Nov-2015,"110m ABV C.R. JJ, Red Dog SWA",NA,13S,756695,4221143,Arkansas,NA,NA,NA,NA,999002,SAH,E1,NA,E1,4,non-USGS
NA,NA,NA,NA,NA,NA,Arkansas River,3-Nov-2015,"110m ABV C.R. JJ, Red Dog SWA",NA,13S,756695,4221143,Arkansas,NA,NA,NA,NA,999002,STR,E1,NA,E1,32,non-USGS
NA,NA,NA,NA,NA,NA,Arkansas River,3-Nov-2015,"110m ABV C.R. JJ, Red Dog SWA",NA,13S,756695,4221143,Arkansas,NA,NA,NA,NA,999002,PKF,E3,NA,E2,10,non-USGS
NA,NA,NA,NA,NA,NA,Arkansas River,3-Nov-2015,"110m ABV C.R. JJ, Red Dog SWA",NA,13S,756695,4221143,Arkansas,NA,NA,NA,NA,999002,STR,E3,NA,E2,4,non-USGS
NA,NA,NA,NA,NA,NA,Arkansas River,3-Nov-2015,"110m ABV C.R. JJ, Red Dog SWA",NA,13S,756695,4221143,Arkansas,NA,NA,NA,NA,999002,FMW,S2,NA,S1,1,non-USGS
NA,NA,NA,NA,NA,NA,Arkansas River,3-Nov-2015,"110m ABV C.R. JJ, Red Dog SWA",NA,13S,756695,4221143,Arkansas,NA,NA,NA,NA,999002,PKF,S2,NA,S1,19,non-USGS
NA,NA,NA,NA,NA,NA,Arkansas River,3-Nov-2015,"110m ABV C.R. JJ, Red Dog SWA",NA,13S,756695,4221143,Arkansas,NA,NA,NA,NA,999002,SAH,S2,NA,S1,6,non-USGS
NA,NA,NA,NA,NA,NA,Arkansas River,3-Nov-2015,"110m ABV C.R. JJ, Red Dog SWA",NA,13S,756695,4221143,Arkansas,NA,NA,NA,NA,999002,STR,S2,NA,S1,1,non-USGS
NA,NA,NA,NA,NA,NA,Arkansas River #2A,14-Aug-2014,ABV Rocky Ford SWA,NA,13S,615483,4213409,Arkansas,NA,NA,NA,NA,999005,CCF,E1,NA,E1,11,non-USGS
NA,NA,NA,NA,NA,NA,Arkansas River #2A,14-Aug-2014,ABV Rocky Ford SWA,NA,13S,615483,4213409,Arkansas,NA,NA,NA,NA,999005,CPP,E1,NA,E1,3,non-USGS
NA,NA,NA,NA,NA,NA,Arkansas River #2A,14-Aug-2014,ABV Rocky Ford SWA,NA,13S,615483,4213409,Arkansas,NA,NA,NA,NA,999005,FMW,E1,NA,E1,9,non-USGS
NA,NA,NA,NA,NA,NA,Arkansas River #2A,14-Aug-2014,ABV Rocky Ford SWA,NA,13S,615483,4213409,Arkansas,NA,NA,NA,NA,999005,MSQ,E1,NA,E1,7,non-USGS
NA,NA,NA,NA,NA,NA,Arkansas River #2A,14-Aug-2014,ABV Rocky Ford SWA,NA,13S,615483,4213409,Arkansas,NA,NA,NA,NA,999005,PMW,E1,NA,E1,1,non-USGS
NA,NA,NA,NA,NA,NA,Arkansas River #2A,14-Aug-2014,ABV Rocky Ford SWA,NA,13S,615483,4213409,Arkansas,NA,NA,NA,NA,999005,RDS,E1,NA,E1,54,non-USGS
NA,NA,NA,NA,NA,NA,Arkansas River #2A,14-Aug-2014,ABV Rocky Ford SWA,NA,13S,615483,4213409,Arkansas,NA,NA,NA,NA,999005,SAH,E1,NA,E1,8,non-USGS
NA,NA,NA,NA,NA,NA,Arkansas River #2A,14-Aug-2014,ABV Rocky Ford SWA,NA,13S,615483,4213409,Arkansas,NA,NA,NA,NA,999005,SMM,E1,NA,E1,1,non-USGS
NA,NA,NA,NA,NA,NA,Arkansas River #2A,14-Aug-2014,ABV Rocky Ford SWA,NA,13S,615483,4213409,Arkansas,NA,NA,NA,NA,999005,SNF,E1,NA,E1,7,non-USGS
NA,NA,NA,NA,NA,NA,Arkansas River #2A,14-Aug-2014,ABV Rocky Ford SWA,NA,13S,615483,4213409,Arkansas,NA,NA,NA,NA,999005,CCF,E2,NA,E2,2,non-USGS
NA,NA,NA,NA,NA,NA,Arkansas River #2A,14-Aug-2014,ABV Rocky Ford SWA,NA,13S,615483,4213409,Arkansas,NA,NA,NA,NA,999005,CPP,E2,NA,E2,3,non-USGS
NA,NA,NA,NA,NA,NA,Arkansas River #2A,14-Aug-2014,ABV Rocky Ford SWA,NA,13S,615483,4213409,Arkansas,NA,NA,NA,NA,999005,PMW,E2,NA,E2,1,non-USGS
NA,NA,NA,NA,NA,NA,Arkansas River #2A,14-Aug-2014,ABV Rocky Ford SWA,NA,13S,615483,4213409,Arkansas,NA,NA,NA,NA,999005,RDS,E2,NA,E2,25,non-USGS
NA,NA,NA,NA,NA,NA,Arkansas River #2A,14-Aug-2014,ABV Rocky Ford SWA,NA,13S,615483,4213409,Arkansas,NA,NA,NA,NA,999005,SAH,E2,NA,E2,6,non-USGS
NA,NA,NA,NA,NA,NA,Arkansas River #2A,14-Aug-2014,ABV Rocky Ford SWA,NA,13S,615483,4213409,Arkansas,NA,NA,NA,NA,999005,SMM,E2,NA,E2,2,non-USGS
NA,NA,NA,NA,NA,NA,Arkansas River #2A,14-Aug-2014,ABV Rocky Ford SWA,NA,13S,615483,4213409,Arkansas,NA,NA,NA,NA,999005,SNF,E2,NA,E2,3,non-USGS
NA,NA,NA,NA,NA,NA,Arkansas River #2A,14-Aug-2014,ABV Rocky Ford SWA,NA,13S,615483,4213409,Arkansas,NA,NA,NA,NA,999005,CCF,S1,NA,S1,2,non-USGS
NA,NA,NA,NA,NA,NA,Arkansas River #2A,14-Aug-2014,ABV Rocky Ford SWA,NA,13S,615483,4213409,Arkansas,NA,NA,NA,NA,999005,FMW,S1,NA,S1,4,non-USGS
NA,NA,NA,NA,NA,NA,Arkansas River #2A,14-Aug-2014,ABV Rocky Ford SWA,NA,13S,615483,4213409,Arkansas,NA,NA,NA,NA,999005,LND,S1,NA,S1,1,non-USGS
NA,NA,NA,NA,NA,NA,Arkansas River #2A,14-Aug-2014,ABV Rocky Ford SWA,NA,13S,615483,4213409,Arkansas,NA,NA,NA,NA,999005,MSQ,S1,NA,S1,3,non-USGS
NA,NA,NA,NA,NA,NA,Arkansas River #2A,14-Aug-2014,ABV Rocky Ford SWA,NA,13S,615483,4213409,Arkansas,NA,NA,NA,NA,999005,PMW,S1,NA,S1,1,non-USGS
NA,NA,NA,NA,NA,NA,Arkansas River #2A,14-Aug-2014,ABV Rocky Ford SWA,NA,13S,615483,4213409,Arkansas,NA,NA,NA,NA,999005,RDS,S1,NA,S1,100,non-USGS
NA,NA,NA,NA,NA,NA,Arkansas River #2A,14-Aug-2014,ABV Rocky Ford SWA,NA,13S,615483,4213409,Arkansas,NA,NA,NA,NA,999005,SAH,S1,NA,S1,3,non-USGS
NA,NA,NA,NA,NA,NA,Arkansas River #2A,9-Sep-2014,230M SW of Big Mac Pond on Rocky Ford SWA,NA,13S,611015,4217845,Arkansas,NA,NA,NA,NA,999005,CCF,E1,NA,E1,7,non-USGS
NA,NA,NA,NA,NA,NA,Arkansas River #2A,9-Sep-2014,230M SW of Big Mac Pond on Rocky Ford SWA,NA,13S,611015,4217845,Arkansas,NA,NA,NA,NA,999005,CPP,E1,NA,E1,5,non-USGS
NA,NA,NA,NA,NA,NA,Arkansas River #2A,9-Sep-2014,230M SW of Big Mac Pond on Rocky Ford SWA,NA,13S,611015,4217845,Arkansas,NA,NA,NA,NA,999005,GSD,E1,NA,E1,1,non-USGS
NA,NA,NA,NA,NA,NA,Arkansas River #2A,9-Sep-2014,230M SW of Big Mac Pond on Rocky Ford SWA,NA,13S,611015,4217845,Arkansas,NA,NA,NA,NA,999005,MSQ,E1,NA,E1,2,non-USGS
NA,NA,NA,NA,NA,NA,Arkansas River #2A,9-Sep-2014,230M SW of Big Mac Pond on Rocky Ford SWA,NA,13S,611015,4217845,Arkansas,NA,NA,NA,NA,999005,RDS,E1,NA,E1,22,non-USGS
NA,NA,NA,NA,NA,NA,Arkansas River #2A,9-Sep-2014,230M SW of Big Mac Pond on Rocky Ford SWA,NA,13S,611015,4217845,Arkansas,NA,NA,NA,NA,999005,SAH,E1,NA,E1,9,non-USGS
NA,NA,NA,NA,NA,NA,Arkansas River #2A,9-Sep-2014,230M SW of Big Mac Pond on Rocky Ford SWA,NA,13S,611015,4217845,Arkansas,NA,NA,NA,NA,999005,SNF,E1,NA,E1,7,non-USGS
NA,NA,NA,NA,NA,NA,Arkansas River #2A,9-Sep-2014,230M SW of Big Mac Pond on Rocky Ford SWA,NA,13S,611015,4217845,Arkansas,NA,NA,NA,NA,999005,SPB,E1,NA,E1,1,non-USGS
NA,NA,NA,NA,NA,NA,Arkansas River #2A,9-Sep-2014,230M SW of Big Mac Pond on Rocky Ford SWA,NA,13S,611015,4217845,Arkansas,NA,NA,NA,NA,999005,CCF,E2,NA,E2,5,non-USGS
NA,NA,NA,NA,NA,NA,Arkansas River #2A,9-Sep-2014,230M SW of Big Mac Pond on Rocky Ford SWA,NA,13S,611015,4217845,Arkansas,NA,NA,NA,NA,999005,CPP,E2,NA,E2,4,non-USGS
NA,NA,NA,NA,NA,NA,Arkansas River #2A,9-Sep-2014,230M SW of Big Mac Pond on Rocky Ford SWA,NA,13S,611015,4217845,Arkansas,NA,NA,NA,NA,999005,FMW,E2,NA,E2,2,non-USGS
NA,NA,NA,NA,NA,NA,Arkansas River #2A,9-Sep-2014,230M SW of Big Mac Pond on Rocky Ford SWA,NA,13S,611015,4217845,Arkansas,NA,NA,NA,NA,999005,PKF,E2,NA,E2,1,non-USGS
NA,NA,NA,NA,NA,NA,Arkansas River #2A,9-Sep-2014,230M SW of Big Mac Pond on Rocky Ford SWA,NA,13S,611015,4217845,Arkansas,NA,NA,NA,NA,999005,PMW,E2,NA,E2,4,non-USGS
NA,NA,NA,NA,NA,NA,Arkansas River #2A,9-Sep-2014,230M SW of Big Mac Pond on Rocky Ford SWA,NA,13S,611015,4217845,Arkansas,NA,NA,NA,NA,999005,RDS,E2,NA,E2,22,non-USGS
NA,NA,NA,NA,NA,NA,Arkansas River #2A,9-Sep-2014,230M SW of Big Mac Pond on Rocky Ford SWA,NA,13S,611015,4217845,Arkansas,NA,NA,NA,NA,999005,SAH,E2,NA,E2,3,non-USGS
NA,NA,NA,NA,NA,NA,Arkansas River #2A,9-Sep-2014,230M SW of Big Mac Pond on Rocky Ford SWA,NA,13S,611015,4217845,Arkansas,NA,NA,NA,NA,999005,SNF,E2,NA,E2,7,non-USGS
NA,NA,NA,NA,NA,NA,Arkansas River #2A,9-Sep-2014,230M SW of Big Mac Pond on Rocky Ford SWA,NA,13S,611015,4217845,Arkansas,NA,NA,NA,NA,999005,GSD,S1,NA,S1,2,non-USGS
NA,NA,NA,NA,NA,NA,Arkansas River #2A,9-Sep-2014,230M SW of Big Mac Pond on Rocky Ford SWA,NA,13S,611015,4217845,Arkansas,NA,NA,NA,NA,999005,RDS,S1,NA,S1,16,non-USGS
NA,NA,NA,NA,NA,NA,Arkansas River #2A,9-Sep-2014,230M SW of Big Mac Pond on Rocky Ford SWA,NA,13S,611015,4217845,Arkansas,NA,NA,NA,NA,999005,SAH,S1,NA,S1,2,non-USGS
NA,NA,NA,NA,NA,NA,Arkansas River #2A,3-Sep-2014,230M SW of Big Mac Pond on Rocky Ford SWA,NA,13S,615483,4213409,Arkansas,NA,NA,NA,NA,999005,CCF,E1,NA,E1,2,non-USGS
NA,NA,NA,NA,NA,NA,Arkansas River #2A,3-Sep-2014,230M SW of Big Mac Pond on Rocky Ford SWA,NA,13S,615483,4213409,Arkansas,NA,NA,NA,NA,999005,FHC,E1,NA,E1,1,non-USGS
NA,NA,NA,NA,NA,NA,Arkansas River #2A,3-Sep-2014,230M SW of Big Mac Pond on Rocky Ford SWA,NA,13S,615483,4213409,Arkansas,NA,NA,NA,NA,999005,FMW,E1,NA,E1,4,non-USGS
NA,NA,NA,NA,NA,NA,Arkansas River #2A,3-Sep-2014,230M SW of Big Mac Pond on Rocky Ford SWA,NA,13S,615483,4213409,Arkansas,NA,NA,NA,NA,999005,PMW,E1,NA,E1,5,non-USGS
NA,NA,NA,NA,NA,NA,Arkansas River #2A,3-Sep-2014,230M SW of Big Mac Pond on Rocky Ford SWA,NA,13S,615483,4213409,Arkansas,NA,NA,NA,NA,999005,RDS,E1,NA,E1,65,non-USGS
NA,NA,NA,NA,NA,NA,Arkansas River #2A,3-Sep-2014,230M SW of Big Mac Pond on Rocky Ford SWA,NA,13S,615483,4213409,Arkansas,NA,NA,NA,NA,999005,SAH,E1,NA,E1,3,non-USGS
NA,NA,NA,NA,NA,NA,Arkansas River #2A,3-Sep-2014,230M SW of Big Mac Pond on Rocky Ford SWA,NA,13S,615483,4213409,Arkansas,NA,NA,NA,NA,999005,SNF,E1,NA,E1,1,non-USGS
NA,NA,NA,NA,NA,NA,Arkansas River #2A,3-Sep-2014,230M SW of Big Mac Pond on Rocky Ford SWA,NA,13S,615483,4213409,Arkansas,NA,NA,NA,NA,999005,CCF,E2,NA,E2,4,non-USGS
NA,NA,NA,NA,NA,NA,Arkansas River #2A,3-Sep-2014,230M SW of Big Mac Pond on Rocky Ford SWA,NA,13S,615483,4213409,Arkansas,NA,NA,NA,NA,999005,RDS,E2,NA,E2,5,non-USGS
NA,NA,NA,NA,NA,NA,Arkansas River #2A,3-Sep-2014,230M SW of Big Mac Pond on Rocky Ford SWA,NA,13S,615483,4213409,Arkansas,NA,NA,NA,NA,999005,SNF,E2,NA,E2,4,non-USGS
NA,NA,NA,NA,NA,NA,Arkansas River #2A,3-Sep-2014,230M SW of Big Mac Pond on Rocky Ford SWA,NA,13S,615483,4213409,Arkansas,NA,NA,NA,NA,999005,CCF,S1,NA,S1,1,non-USGS
NA,NA,NA,NA,NA,NA,Arkansas River #2A,3-Sep-2014,230M SW of Big Mac Pond on Rocky Ford SWA,NA,13S,615483,4213409,Arkansas,NA,NA,NA,NA,999005,FHC,S1,NA,S1,2,non-USGS
NA,NA,NA,NA,NA,NA,Arkansas River #2A,3-Sep-2014,230M SW of Big Mac Pond on Rocky Ford SWA,NA,13S,615483,4213409,Arkansas,NA,NA,NA,NA,999005,GSD,S1,NA,S1,2,non-USGS
NA,NA,NA,NA,NA,NA,Arkansas River #2A,3-Sep-2014,230M SW of Big Mac Pond on Rocky Ford SWA,NA,13S,615483,4213409,Arkansas,NA,NA,NA,NA,999005,PMW,S1,NA,S1,3,non-USGS
NA,NA,NA,NA,NA,NA,Arkansas River #2A,3-Sep-2014,230M SW of Big Mac Pond on Rocky Ford SWA,NA,13S,615483,4213409,Arkansas,NA,NA,NA,NA,999005,RDS,S1,NA,S1,86,non-USGS
NA,NA,NA,NA,NA,NA,Arkansas River #2A,3-Sep-2014,230M SW of Big Mac Pond on Rocky Ford SWA,NA,13S,615483,4213409,Arkansas,NA,NA,NA,NA,999005,SAH,S1,NA,S1,2,non-USGS
NA,NA,NA,NA,NA,NA,Black Squirrel Ck,8-Jul-2014,470 M ABV Elber Road,NA,13S,540072,4318618,Arkansas,NA,NA,NA,NA,999006,PKF,E1,NA,E1,3,non-USGS
NA,NA,NA,NA,NA,NA,Black Squirrel Ck,8-Jul-2014,470 M ABV Elber Road,NA,13S,540072,4318618,Arkansas,NA,NA,NA,NA,999006,PKF,E2,NA,E2,5,non-USGS
NA,NA,NA,NA,NA,NA,Black Squirrel Ck,8-Jul-2014,370 M ABV Elber Road,NA,13S,540167,4315601,Arkansas,NA,NA,NA,NA,999006,FMW,E1,NA,E1,4,non-USGS
NA,NA,NA,NA,NA,NA,Black Squirrel Ck,8-Jul-2014,370 M ABV Elber Road,NA,13S,540167,4315601,Arkansas,NA,NA,NA,NA,999006,PKF,E1,NA,E1,64,non-USGS
NA,NA,NA,NA,NA,NA,Black Squirrel Ck,8-Jul-2014,370 M ABV Elber Road,NA,13S,540167,4315601,Arkansas,NA,NA,NA,NA,999006,FMW,S1,NA,S1,3,non-USGS
NA,NA,NA,NA,NA,NA,Black Squirrel Ck,8-Jul-2014,370 M ABV Elber Road,NA,13S,540167,4315601,Arkansas,NA,NA,NA,NA,999006,PKF,S1,NA,S1,4,non-USGS
NA,NA,NA,NA,NA,NA,Chico Creek,6-Sep-2013,Blue Hole,NA,13S,545032,4264023,Arkansas,NA,NA,NA,NA,999007,PKF,E1,NA,E1,17,non-USGS
NA,NA,NA,NA,NA,NA,Chico Creek,6-Sep-2013,Blue Hole,NA,13S,545032,4264023,Arkansas,NA,NA,NA,NA,999007,PKF,S1,NA,S1,26,non-USGS
NA,NA,NA,NA,NA,NA,Chico Creek,6-Sep-2013,Blue Hole,NA,13S,545032,4264023,Arkansas,NA,NA,NA,NA,999007,PKF,T1,NA,T1,3,non-USGS
NA,NA,NA,NA,NA,NA,Chico Creek,6-Sep-2013,Blue Hole,NA,13S,545032,4264023,Arkansas,NA,NA,NA,NA,999007,PKF,T2,NA,T2,6,non-USGS
NA,NA,NA,NA,NA,NA,Chico Creek,6-Sep-2013,Blue Hole,NA,13S,545032,4264023,Arkansas,NA,NA,NA,NA,999007,PKF,T4,NA,T3,3,non-USGS
NA,NA,NA,NA,NA,NA,"Rush Creek, South",9-Oct-2013,75 M ABV HWY 94,NA,13S,626725,4301209,Arkansas,NA,NA,NA,NA,999008,PKF,D1,NA,D1,14,non-USGS
NA,NA,NA,NA,NA,NA,"Rush Creek, South",9-Oct-2013,75 M ABV HWY 94,NA,13S,626725,4301209,Arkansas,NA,NA,NA,NA,999008,SNF,D1,NA,D1,1,non-USGS
NA,NA,NA,NA,NA,NA,"Rush Creek, South",9-Oct-2013,75 M ABV HWY 94,NA,13S,626725,4301209,Arkansas,NA,NA,NA,NA,999008,BBH,S1,NA,S1,1,non-USGS
NA,NA,NA,NA,NA,NA,"Rush Creek, South",9-Oct-2013,75 M ABV HWY 94,NA,13S,626725,4301209,Arkansas,NA,NA,NA,NA,999008,PKF,S1,NA,S1,37,non-USGS
NA,NA,NA,NA,NA,NA,"Rush Creek, South",9-Oct-2013,75 M ABV HWY 94,NA,13S,626725,4301209,Arkansas,NA,NA,NA,NA,999008,SNF,S1,NA,S1,8,non-USGS
NA,NA,NA,NA,NA,NA,"Rush Creek, South",9-Oct-2013,75 M ABV HWY 94,NA,13S,626725,4301209,Arkansas,NA,NA,NA,NA,999008,BBH,S2,NA,S2,7,non-USGS
NA,NA,NA,NA,NA,NA,"Rush Creek, South",9-Oct-2013,75 M ABV HWY 94,NA,13S,626725,4301209,Arkansas,NA,NA,NA,NA,999008,FMW,S2,NA,S2,2,non-USGS
NA,NA,NA,NA,NA,NA,"Rush Creek, South",9-Oct-2013,75 M ABV HWY 94,NA,13S,626725,4301209,Arkansas,NA,NA,NA,NA,999008,PKF,S2,NA,S2,23,non-USGS
NA,NA,NA,NA,NA,NA,"Rush Creek, South",9-Oct-2013,75 M ABV HWY 94,NA,13S,626725,4301209,Arkansas,NA,NA,NA,NA,999008,SNF,S2,NA,S2,1,non-USGS
NA,NA,NA,NA,NA,NA,"Rush Creek, South",9-Oct-2013,75 M ABV HWY 94,NA,13S,626725,4301209,Arkansas,NA,NA,NA,NA,999008,BBH,S3,NA,S3,2,non-USGS
NA,NA,NA,NA,NA,NA,"Rush Creek, South",9-Oct-2013,75 M ABV HWY 94,NA,13S,626725,4301209,Arkansas,NA,NA,NA,NA,999008,PKF,S3,NA,S3,8,non-USGS
NA,NA,NA,NA,NA,NA,"Rush Creek, South",9-Oct-2013,75 M ABV HWY 94,NA,13S,626725,4301209,Arkansas,NA,NA,NA,NA,999008,SNF,S3,NA,S3,2,non-USGS
NA,NA,NA,NA,NA,NA,Big Sandy Creek,23-Oct-2013,At Calhan Bridge,NA,13S,561156,4326270,Arkansas,NA,NA,NA,NA,999009,BBH,E1,NA,E1,1,non-USGS
NA,NA,NA,NA,NA,NA,Big Sandy Creek,23-Oct-2013,At Calhan Bridge,NA,13S,561156,4326270,Arkansas,NA,NA,NA,NA,999009,SNF,E1,NA,E1,4,non-USGS
NA,NA,NA,NA,NA,NA,Big Sandy Creek,23-Oct-2013,At Calhan Bridge,NA,13S,561156,4326270,Arkansas,NA,NA,NA,NA,999009,YPE,E1,NA,E1,24,non-USGS
NA,NA,NA,NA,NA,NA,Big Sandy Creek,23-Oct-2013,At Calhan Bridge,NA,13S,561156,4326270,Arkansas,NA,NA,NA,NA,999009,BBH,S1,NA,S1,4,non-USGS
NA,NA,NA,NA,NA,NA,Big Sandy Creek,23-Oct-2013,At Calhan Bridge,NA,13S,561156,4326270,Arkansas,NA,NA,NA,NA,999009,FMW,S1,NA,S1,1,non-USGS
NA,NA,NA,NA,NA,NA,Big Sandy Creek,23-Oct-2013,At Calhan Bridge,NA,13S,561156,4326270,Arkansas,NA,NA,NA,NA,999009,SNF,S1,NA,S1,23,non-USGS
NA,NA,NA,NA,NA,NA,Big Sandy Creek,23-Oct-2013,At Calhan Bridge,NA,13S,561156,4326270,Arkansas,NA,NA,NA,NA,999009,YPE,S1,NA,S1,78,non-USGS
NA,NA,NA,NA,NA,NA,Vista Del Rio,18-Sep-2013,BLW of CG entrance,NA,13S,705027,4220768,Arkansas,NA,NA,NA,NA,999010,BBH,E1,NA,E1,1,non-USGS
NA,NA,NA,NA,NA,NA,Vista Del Rio,18-Sep-2013,BLW of CG entrance,NA,13S,705027,4220768,Arkansas,NA,NA,NA,NA,999010,FMW,E1,NA,E1,1,non-USGS
NA,NA,NA,NA,NA,NA,Vista Del Rio,18-Sep-2013,BLW of CG entrance,NA,13S,705027,4220768,Arkansas,NA,NA,NA,NA,999010,MSQ,E1,NA,E1,320,non-USGS
NA,NA,NA,NA,NA,NA,Vista Del Rio,18-Sep-2013,BLW of CG entrance,NA,13S,705027,4220768,Arkansas,NA,NA,NA,NA,999010,PKF,E1,NA,E1,1,non-USGS
NA,NA,NA,NA,NA,NA,Vista Del Rio,18-Sep-2013,BLW of CG entrance,NA,13S,705027,4220768,Arkansas,NA,NA,NA,NA,999010,STR,E1,NA,E1,2,non-USGS
NA,NA,NA,NA,NA,NA,Vista Del Rio,18-Sep-2013,BLW of CG entrance,NA,13S,705027,4220768,Arkansas,NA,NA,NA,NA,999010,FMW,S1,NA,S1,4,non-USGS
NA,NA,NA,NA,NA,NA,Vista Del Rio,18-Sep-2013,BLW of CG entrance,NA,13S,705027,4220768,Arkansas,NA,NA,NA,NA,999010,MSQ,S1,NA,S1,1075,non-USGS
NA,NA,NA,NA,NA,NA,Vista Del Rio,18-Sep-2013,BLW of CG entrance,NA,13S,705027,4220768,Arkansas,NA,NA,NA,NA,999010,PKF,S1,NA,S1,3,non-USGS
NA,NA,NA,NA,NA,NA,Vista Del Rio,18-Sep-2013,BLW of CG entrance,NA,13S,705027,4220768,Arkansas,NA,NA,NA,NA,999010,SAH,S1,NA,S1,1,non-USGS
NA,NA,NA,NA,NA,NA,Vista Del Rio,18-Sep-2013,BLW of CG entrance,NA,13S,705027,4220768,Arkansas,NA,NA,NA,NA,999010,STR,S1,NA,S1,36,non-USGS
NA,NA,NA,NA,NA,NA,Willow Creek,19-Sep-2013,700M ABV CR12,NA,13S,714864,4219039,Arkansas,NA,NA,NA,NA,999011,LMB,S1,NA,S1,13,non-USGS
NA,NA,NA,NA,NA,NA,Willow Creek,19-Sep-2013,700M ABV CR12,NA,13S,714864,4219039,Arkansas,NA,NA,NA,NA,999011,MSQ,S1,NA,S1,43,non-USGS
NA,NA,NA,NA,NA,NA,Willow Creek,19-Sep-2013,700M ABV CR12,NA,13S,714864,4219039,Arkansas,NA,NA,NA,NA,999011,SNF,S1,NA,S1,18,non-USGS
NA,NA,NA,NA,NA,NA,Willow Creek,19-Sep-2013,700M ABV CR12,NA,13S,714864,4219039,Arkansas,NA,NA,NA,NA,999011,STR,S1,NA,S1,18,non-USGS
NA,NA,NA,NA,NA,NA,Willow Creek,19-Sep-2013,700M ABV CR12,NA,13S,714864,4219039,Arkansas,NA,NA,NA,NA,999011,WHS,S1,NA,S1,1,non-USGS
NA,NA,NA,NA,NA,NA,Willow Creek,19-Sep-2013,700M ABV CR12,NA,13S,714864,4219039,Arkansas,NA,NA,NA,NA,999011,LMB,S2,NA,S2,7,non-USGS
NA,NA,NA,NA,NA,NA,Willow Creek,19-Sep-2013,700M ABV CR12,NA,13S,714864,4219039,Arkansas,NA,NA,NA,NA,999011,MNW,S2,NA,S2,1,non-USGS
NA,NA,NA,NA,NA,NA,Willow Creek,19-Sep-2013,700M ABV CR12,NA,13S,714864,4219039,Arkansas,NA,NA,NA,NA,999011,MSQ,S2,NA,S2,26,non-USGS
NA,NA,NA,NA,NA,NA,Willow Creek,19-Sep-2013,700M ABV CR12,NA,13S,714864,4219039,Arkansas,NA,NA,NA,NA,999011,SNF,S2,NA,S2,3,non-USGS
NA,NA,NA,NA,NA,NA,Willow Creek,19-Sep-2013,700M ABV CR12,NA,13S,714864,4219039,Arkansas,NA,NA,NA,NA,999011,STR,S2,NA,S2,13,non-USGS